royal,studio,yellow,afghan,palace,queen,album,film,perry,peace
brazilian,iron,brazil,procedure,dam,commission,ore,vale,auditor,mining
water,weather,temperature,rain,storm,degree,flood,warm,wind,snow
vote,labour,map,district,liberal,party,senator,race,conservative,justice
collin,dressed,flore,spa,exquisite,definite,breakthrough,merge,tense,sanitary
cosmetic,wood,charger,jordyn,sunday,nhs,emotion,mend,playlist,kylie
whale,college,sport,student,insider,dog,restaurant,opioid,meat,athlete
immigrant,migrant,religious,state,law,muslim,immigration,constitution,citizenship,minority
ice,flame,salesforce,moral,contract,philanthropy,chef,calgary,courtesy,compass
sex,balloon,confederate,spiderman,memorial,endgame,trafficker,trafficking,blockbuster,monument
egg,food,coffee,drink,salt,lake,cook,fish,tip,chocolate
satellite,syrian,object,turkish,gate,roku,alien,scientist,prize,idlib
swiss,pork,outbreak,vaccine,pig,virus,sexual,fever,african,dividend
skewer,nursery,illuminate,massproduce,perkin,wither,mask,creamy,mario,boom
executive,former,chief,role,say,election,bank,deal,british,minister
gold,rupee,ounce,firework,cruise,silver,metal,palladium,bullion,tank
millennial,cannabis,underwood,bachelor,legalization,pageant,toddler,swim,meyer,fallon
strawberry,pint,calorie,vanilla,dutch,limitededition,flavor,dairy,cream,pop
tmobile,curve,sprint,squarefoot,caribbean,amenity,slide,carnival,glory,cnbcs
thread,subsidiary,discussion,bill,hill,fax,insurance,gun,content,view
cook,recipe,chicken,cooking,dish,nyt,pasta,tender,bedtime,bake
wealth,billionaire,rich,worth,fortune,net,portability,royal,tour,cuisine
bottle,echo,charity,alexa,blind,chef,candle,voice,suck,assistant
church,priest,notebook,radar,pope,warship,unrelated,destroyer,franci,targeting
french,pension,auction,france,reform,sand,fisherman,window,retirement,power
building,apartment,magnitude,quake,earthquake,mail,nurse,damage,evacuate,package
consequence,notify,ghosn,correspondent,cancel,bail,excitement,express,diplomatic,latte
invert,verse,inversion,recite,quiz,realization,unrealistic,backpack,unethical,curve
yard,game,team,touchdown,season,player,coach,play,league,football
homeless,kit,duchess,lonely,fortunate,homelessness,royal,sussex,worthwhile,reside
vehicle,car,tesla,model,musk,driver,truck,electric,pickup,hybrid
oxygen,refugee,genocide,doctor,coma,silent,adam,hospital,bandage,sickness
magnet,pompeo,toothbrush,maritime,navigation,rugby,professionalism,topselle,electric,solidify
discrimination,workplace,gender,presentation,visa,orientation,hunger,lobby,applicant,identity
sale,tax,copper,tonne,share,stake,pound,company,sell,corn
patent,license,appeal,apple,practitioner,court,insight,licensing,payment,file
pm,tinder,drake,swipe,perfection,ring,trilogy,apocalyptic,adventure,fertility
patient,study,drug,treatment,researcher,disease,health,cancer,hospital,blood
crash,flight,plane,jet,airline,travel,passenger,aircraft,airport,pilot
trump,worker,union,election,president,campaign,strike,probe,aid,employee
protest,protester,attack,government,military,force,region,country,police,city
court,charge,police,arrest,case,crime,attorney,prosecutor,lawyer,sentence
nuclear,reactor,lng,label,swift,machine,braun,power,disaster,restart
commentator,former,statue,italian,strategist,adviser,campaign,immigration,conservative,citizenship
account,crown,saudi,twitter,fake,tweet,prince,kingdom,remove,removal
ecigarette,vape,e,tobacco,product,ban,angel,cigarette,vaping,minor
ecb,warrior,turkey,draghi,laker,inflation,knee,policy,turkish,monetary
fund,berkshire,spear,bet,return,mutual,cookie,leveraged,decade,availability
camera,ipad,apple,iphone,screen,trademark,feature,beta,io,monster
fire,burn,forest,land,broadcast,hectare,typhoon,deforestation,palm,indigenous
fold,samsung,foldable,phone,galaxy,pie,device,handset,smartphone,oneplus
trade,index,rate,market,stock,rise,gain,percent,high,dollar
store,chain,location,nail,calendar,rent,polish,formula,grocery,brush
camp,concentration,jewish,sentence,parole,antisemitic,mercy,life,holocaust,field
uranium,nuclear,iranian,enrich,enrichment,deal,honour,stockpile,booth,sanction
swedish,passport,sweden,pardon,muscat,holder,caruana,maltese,yacht,schembri
switch,controller,playstation,cop,refined,console,nintendo,game,witcher,chess
loan,borrower,railway,lender,ethanol,debt,retina,biofuel,nonperforme,demographic
marine,fuel,ship,seb,singapore,pneumonia,spelling,distillate,port,shipper
tree,dock,pin,carve,dim,stamp,distinctive,needle,static,pilgrim
housing,egyptian,axio,uks,alphabet,pichai,fx,dollar,underlie,egypt
streaming,disney,hulu,subscriber,espn,portuguese,stream,ufc,prosperity,cricket
venezuelan,legitimate,opposition,socialist,assembly,designation,regime,latin,oust,invoke
black,wear,sale,dress,buy,shop,brand,gift,fashion,discount
police,russian,shooting,suspect,dutch,attack,eclipse,shoot,mosque,man
bank,government,trade,tariff,say,chinese,debt,fund,deal,import
privacy,prime,facebook,information,facial,user,membership,hack,recognition,datum
climate,change,people,work,world,community,city,art,young,many
love,video,people,show,go,family,get,know,star,friend
game,score,point,save,list,inch,second,price,lead,goal
debate,democratic,poll,candidate,campaign,biden,voter,presidential,percent,primary
battery,computer,quantum,airpod,wireless,sound,bridge,headphone,concession,lab
orourke,substance,asbestos,haul,hesitant,fundraising,epa,rake,laud,administrator
licence,golf,chf,tour,taxi,club,newsroom,uber,renewal,striker
robot,robotic,builder,property,developer,portal,home,wheelchair,bot,woe
mayor,cocoa,lebanese,crop,farmer,pound,buttigieg,harvest,inmate,sugar
shine,certificate,vtb,medvedev,rejoin,paperwork,freelance,grind,accountant,tsitsipa
gas,emission,energy,plant,project,pipeline,electric,carbon,company,power
oil,crude,barrel,output,production,bpd,export,producer,supply,price
abortion,bus,law,clinic,pregnancy,right,state,cave,woman,parenthood
rescue,horse,shelter,animal,ordinance,endorsement,sgt,sheriff,lewd,owner
company,app,service,customer,user,startup,platform,use,business,technology
teacher,school,catholic,student,teaching,opera,class,cathedral,firing,direct
boy,skill,toy,academic,interactive,grandmother,educational,learning,interaction,child
airline,ticket,grounding,aviation,carrier,flight,clause,flyer,cancellation,repair
impeachment,trump,hearing,committee,testify,house,witness,inquiry,president,whale
coal,ipo,listing,scooter,valuation,unicorn,clearance,bike,public,revenue
gaming,atom,hardware,bubble,surface,virtual,gamble,rumor,stainless,headset
plastic,mission,space,waste,capsule,boat,rocket,astronaut,spacecraft,bag
hair,jenner,tooth,shower,natural,hairstyle,skin,blonde,shave,pink
battlefield,var,coveted,provence,function,buckle,corpse,dime,mighty,stage
museum,tradition,pause,ornament,weight,exhibit,mold,methodology,collection,syndicate
pride,gay,parade,march,contamination,queer,resistance,transgend,trans,lesbian
farmer,clue,band,entry,migration,puzzle,jazz,orchestra,answer,nickname
military,drone,g,defense,troop,network,missile,equipment,fighter,bird
certification,ladder,tail,validation,tripoli,sim,sailor,libyan,reexamine,wise
instant,podcast,pot,quart,daily,subscribe,listen,fryer,decoration,duo
balanced,bric,osaka,fetch,bug,resilience,visibility,twitter,cope,external
lgbt,article,error,correction,misstate,obituary,acceptance,samesex,nutrition,email
border,moon,migrant,patrol,cross,sun,asylum,planet,child,mercury